m,alpha,Re(kR),Im(kR),Gamma
0,0.0,2.2,-0.35,3.08
0,0.0,5.4,-0.55,11.880000000000003
1,0.0,3.1,-0.4,4.960000000000001
1,0.0,6.3,-0.62,15.623999999999999
0,0.25,2.4,-0.36,3.456
0,0.25,5.6,-0.56,12.544
1,0.25,3.3,-0.41,5.411999999999999
1,0.25,6.5,-0.63,16.38
