E,S_Agmon,T_exact,T_WKB,rel_error
0.35,0.806225774829855,0.5310388491654773,0.19939817984416838,0.6245130084973617
